case_type,y_true,y_pred,score,subject,body_preview,triage_relevance,message_type,requires_context,notes
TP,1,1,0.9909317294093792,Commissioner.COM E-Reports for Get Bad with Yourself 12/29/01,"<!doctype html public ""-//w3c//dtd html 4.0 transitional//en""><html><HEAD> <!--   You are receiving these e-reports because you have signed up for CBS SportsLine.com Fantasy Football.  The default format for these reports is HTML, however if you are reading this text your mail reader is not displaying it as HTML.  To change to text mode, or to customize, reschedule, or turn off these reports please to to the URL below:  http://football291.fantasy.sportsline.com/mp/options-ereports?league=getbad&",,,,
TP,1,1,0.9851949711636762,Continue Enjoying IIJournals -- Renew Today!,"Shirley,  I probably asked you about it already. I want to renew.  Vince  ---------------------- Forwarded by Vince J Kaminski/HOU/ECT on 04/24/2001= =20 05:39 PM ---------------------------   Institutional Investor Journals <webinfo@iijournals.com> on 04/19/2001=20 11:03:59 AM To: ""vkamins@enron.com"" <vkamins@enron.com> cc: =20 Subject: Continue Enjoying IIJournals -- Renew Today!   Dear Vince Kaminski,  We hope you are enjoying the benefits of receiving market-leading, rigorous= =20 and curren",,,,
TP,1,1,0.9857987808990646,"(ClearStation) : Portfolio Update, Wed Nov 21 2001","  =09  Markets =09 [IMAGE] =09DJ30 =09 =099,834.67=09 =09-66.70=09 =09-0.67%=   =09 [IMAGE] =09NASDAQ =09 =091,875.05=09 =09-5.45  =09 =09-0.29%=09 [IMAG= E] =09S&P  500 =09 =091,137.03=09 =09-5.63=09 =09-0.49%=09 [IMAGE] =09US ma= rkets closed =09=09=09=09=09 =09=09=09=09=09=09=09=09=09=09=09=09=09=09=09=09=09=09=09=09=09=09=09=09=09= =09=09=09=09=09=09[IMAGE]=09    [IMAGE] [IMAGE] [IMAGE] [IMAGE]     [IMAGE]    Quote & 3-Point ViewProfile=  & FundamentalsKey RatiosAnalyst InfoEarnings Estimate",,,,
TP,1,1,0.996688671042196,BusinessWeek Online Insider Dec. 8,"Tough Times in Tech...Best Products...A Tough Road for Bush?  HIGHLIGHTS FROM THE DECEMBER 18, 2000, ISSUE OF BUSINESS WEEK*  ********************************ADVERTISEMENT******************************* Are you having problems getting your E-Business Initiative up and running?  Do you have Enterprise Applications like Siebel, Clarify or SAP that need to be integrated with your documents, presentations and databases and presented easily through a personalized browser interface?  What you need is ",,,,
TP,1,1,0.9606393649782544,Innova Pure Water Dismisses Lawsuit Against Brita,"INNOVA PURE WATER DISMISSES LAWSUIT AGAINST BRITA  OAKLAND, Calif., March 9, 2001 -- The Brita Products Company today announced  that it has reached a settlement agreement with Innova Pure Water, Inc., and  that Innova has dismissed its patent infringement lawsuit against Brita in  which it claimed the water filter in the Brita Fill & Go(R) sports bottle  infringed on one of Innova's patents. Under the terms of the settlement,  Brita may continue to market the Brita Fill & Go(R) sports bottle un",,,,
TP,1,1,0.991969564267018,Commissioner.COM E-Reports for Feeley's FFL 12/30/01, [IMAGE] =09  Attention Fantasy Members! It's time to get an early start on that New Yea= r's resolution. MVP.com is offering FREE Standard Shipping in our Fitness S= hop until 1/17/02. Click here to see what we have to offer.   Save $.05 a g= allon on the gas that keeps your car's engine clean. Click here  to apply o= nline.  Win  a VIP Vegas Vacation! OR Win  $600 CASH!   Brought to you by  =  Sponsorship Bar You are receiving these e-reports because you have signed = up for CBS SportsLine.com,,,,
TP,1,1,0.9934578830576024,Great buys on PC accessories!,"     ==============================================      Buy 2 Monitors, Get Free Shipping*      http://enews.buy.com/cgi-bin5/flo?y=eEtM0D4S5I0Blu0BASu0Ae      ==============================================  ___________________________________________________________                        <<<COMPUTERS>>> ___________________________________________________________       Samsung Combo Drive CDRW/DVD-ROM 8x/4x/32x/8x      buy.com price: NEW LOW PRICE! List Price: $219.00      Offers 8X CD-Recordi",,,,
TP,1,1,0.8569620585040918,Business Week Online Insider June 1,"=20 Register/Subscribe Home =09 =09 =09Get the Inside Story on Software News & Views. =09Stay up to speed on the software you need for your e-business initiative= s. =09This independent weekly delivers straight-talk on enterprise software =09developments, industry implementations, and behind-the-scenes articles =09on how applications work in companies' operations. Real news you can =09use.  Sponsored by IBM. http://www.ibm.com/websphere/businessweek2=20 =09    Search  THE SITE BW Magazine Daily ",,,,
TP,1,1,0.9960774907870144,Fwd: Updates: Mobile Edition and E-commerce survey,"---------------------- Forwarded by Vince J Kaminski/HOU/ECT on 03/09/2000  10:12 PM ---------------------------   VKaminski@aol.com on 03/01/2000 07:37:32 PM To: vkamins@enron.com cc:   Subject: Fwd: Updates: Mobile Edition and E-commerce survey     Content-Transfer-Encoding: 7bit Return-Path: <anchovy+economist-survey_feb00_text-1@anchovy.lodo.exactis.com> Received: from  rly-zc04.mx.aol.com (rly-zc04.mail.aol.com [172.31.33.4]) by  air-zc05.mail.aol.com (v69.17) with ESMTP; Wed, 01 Mar 2000 0",,,,
TP,1,1,0.9730143984454565,A Holiday Head Start from Barnes & Noble.com!,"Dear Barnes & Noble.com Customer:  We are excited to present you with a great reason to get your holiday shopping done early.  You can now save $10 off any purchase of $40 or more, but hurry because this special offer expires on Friday November 24th.  To start saving now, click here: http://email.bn.com/cgi-bin6/flo?y=3DeDCr0BMWHz0js0C2Sm  We've also added two innovative new features to our site that will make shopping at Barnes & Noble.com easier and more convenient than ever!  THE VISUAL SHOPP",,,,
TP,1,1,0.99461305925737,Great Airfares from Flycheap.com," =09=09  March 6, 2002    Dear Susan:  You are receiving this email because = you are a registered user of Flycheap.com and have indicated that you would=  like to receive travel specials from us.    Here's what you'll find in tod= ay's Flycheap newsletter . . .     - Great Airfares...Including NYC to Orla= ndo for $170    - Top 3 Cruise Deals - as low as $239    - Vacation Rentals=  - 7 Nights at Sanibel Island, FL    - Reserve your Hotel Room online and S= ave!  For more information, please vi",,,,
TP,1,1,0.9785900842624528,Investinme - Course Offering,"Electric Business Understanding - May 2, 2001  EB552 - 8:00 am - 5:00 pm          Cost:  $600.00  The Electric Business Understanding Seminar will give a basic overview of the  electric business for those with limited knowledge of this industry. This  seminar is recommended for entry level to mid-level employees in either the  gas or electric business or in businesses providing services to these  industries. This course will provide you with a general understanding of how  the electric business ",,,,
TP,1,1,0.9846601847485912,Ontario Power Marketing Opportunities,"<html>   <head> <meta http-equiv=""Content-Type"" content=""text/html; charset=windows-1252""> <meta name=""GENERATOR"" content=""Microsoft FrontPage 4.0""> <meta name=""ProgId"" content=""FrontPage.Editor.Document""> <title>Utilis Energy is pleased to announce the publication of its latest study</title> </head>   <body>   <p align=""right""><span style=""FONT-SIZE:  10pt; COLOR: navy; FONT-FAMILY:    Verdana; mso-fareast-font-family: 'Times New Roman'; mso-bidi-font-family: 'Times New Roman'; mso-ansi-languag",,,,
TP,1,1,0.9238626810535334,"April 26, First Workshop, Electricity Market Design","Register now for EEI's Workshop Series on Electricity Markets:  How Do They  Work?  The first workshop is April 26th.  So don't delay.  Our unique set of workshops, over four one-day sessions,  present the basics  of electricity market design in a clear, non-technical format.  The workshops  are designed specifically for industry policymakers who could benefit from a  clearer understanding of market design issues.  The four workshops are: ?    April 26 - Basic Economics of Electricity Markets Th",,,,
TP,1,1,0.9900657055427344,American Airlines Net SAAver Fares,"****************************************************************** Dear Susan Scott,  Today's American Airlines Domestic & International Net SAAver Fares e-mail offer is valid only for travel next weekend. Domestic Departure dates: December 1 - 2, 2000 International Departure dates: November 30 - December 1, 2000 Tickets must be purchased by Friday, November 24, 2000.  Due to the Thanksgiving Holiday, Domestic and International  Net SAAver Fares will not be offered this coming weekend,  November",,,,
TP,1,1,0.99254769159778,Great PC stuff at great prices!,"     ==============================================      Get a 3% credit when you shop at buy.com      http://enews.buy.com/cgi-bin5/flo?y=eFBE0DwlK30Bp20BFEv0A3      ============================================== ___________________________________________________________                          <<<COMPUTERS>>> ___________________________________________________________       HP Omnibook xe3- SAVE 10%      buy.com price: $1,132.95 List price: $1,253.00      Includes Intel Celeron processor 933",,,,
TP,1,1,0.9948441560571296,"Internet Daily for May 24, 2001","Charles Schwab & Co., Inc.  Internet Daily for Thursday, May 24, 2001 by Frank Barnako CBS MarketWatch.com  ----------------------------------------------------------------- Virus watchers hit by vandals  The Computer Emergency Response Team based at Carnegie Mellon University spends its days trying to keep the Internet safe from hackers and other troublemakers. But this week it's been the target.  The CERT Web site was hit with denial-of-service attacks, in which online vandals make a number of",,,,
TP,1,1,0.9940869373092408,RIGZONE Industry News," =09=09=09[IMAGE]=09 =09Friday January 11, 2002=09[IMAGE]   =09=09 =09=09=09[IMAGE]=09 =09=09=09[IMAGE]=09 [IMAGE]=09=09 RIGZONE [IMAGE] [IMAGE] [IMAGE] =09[IMAGE]=09 [IMAGE]=09=09home    | news    | search    | maps    | data    | jobs    | = market    | store  =09[IMAGE]=09 =09=09=09[IMAGE]=09 [IMAGE]=09=09      [IMAGE] [IMAGE]      In This Issue [IMAGE]      [IMAGE] =     [IMAGE]    Current Oil and Gas Industry News T! op Stories for the Past=  7 Days Featured Events and Conferences What's in",,,,
TP,1,1,0.9844366545970484,Start Off The New Year By Finding Your Lost Money," $7,000,000,000 waiting to be claimed, Click Here!  Entitled  to claim any of the $7,000,000.00 Read below to find out!     De= ar  Sir or Madam  Foundmoney.com brings you an incredibly exciting program.= There is  $7,000,000,000.00 (SEVEN BILLION DOLLARS!) in unclaimed moneys  f= rom bank accounts, wills, insurance settlements, over paid tax  bills and e= states. Three out of five American families are owed  money in some form. S= ince inception in 1995, Foundmoney.com has  helped hundreds of t",,,,
TP,1,1,0.9917898274804784,Meet other singles just like you!," <html> <head> <title>Untitled Document</title> <meta http-equiv=""Content-Type"" content=""text/html; charset=iso-8859-1""> </head> <body bgcolor=""#FFFFFF""><center>  <table width=""540"" border=""1"" cellspacing=""0"" cellpadding=""3"" bordercolor=""#999999"">  <tr bgcolor=""#0099FF"">  <td bgcolor=""#FFFFFF"" height=""48"">  <div align=""center""><font face=""Verdana, Arial, Helvetica, sans-serif"" size=""2"">If  you do not wish to receive email from Bargain Bazaar, please Click Here:<br>  <a href=""http://www.m-ul.com/",,,,
TP,1,1,0.9936555113457044,Breaking News from ABCNEWS.com,"John Walker, the American captured in Afghanistan alongside al Qaeda fighters, has arrived back on U.S. soil.  http://www.abcnews.go.com  ABCNEWS.com:  Up to the Moment, Up to You (tm) http://abcnews.go.com --- You received this mail because you subscribed via ABCNEWS.com. If you would like to stop receiving these mailings, log into our mailcenter at http://login.mailpref.go.com/unsubscribe .  Please do not respond to this mail. Questions or comments can be submitted at http://abcnews.go.com/ser",,,,
TP,1,1,0.6355303544664215,Re: Transaction Agreement - Ormet Primary Aluminum Corp.,"Brodgette.  Below is the notification that I sent to Bob Bowen on 12/22 to let the  confirm group know about the transaction agreement which has been signed by  the customer.  I talked with Craig Breslau this afternoon and he said he  would sign in behalf of ENA and sent to me asap.  As soon as I get the signed  agreements, I will sent the confirm to Ellen Wallumrod and the contract to  Cyndie Balfour-Flangan.  Any questions?  *********************************************************************",,,,
TP,1,1,0.9919594512055064,Knowledge (About People) Is Power,"Greetings from AdvisorTeam,  You recently completed the Keirsey Temperament Sorter at AdvisorTeam.com. Your complete, 10-page type report has been stored for you and can be retrieved, for a limited time, at our introductory price of $9.95.  We have added a new payment processing option, Planet Payment. This new option enables more efficient credit card processing. International users can now obtain their reports in real-time. U.S. users will appreciate the improved design of the Planet Payment i",,,,
TP,1,1,0.9916061346559472,Talbots - Shop Now From Our Online Gift Catalog,"<! > <! > <! ATTENTION!> <! You are reading this message because your mail reader cannot display HTML.> <! If you would prefer to receive text messages from now on,> <! click the link below or copy it into a web browser.> <!  http://208.50.155.100/ClickAction?func=S_TurnOffHtml&partname=talbots&uid=76815142 >  <! > <html> <head> <!----> <!--          If you would like to view this ad, please            --> <!--           copy and paste this link into your web browser:     --> <!----> <!--       ",,,,
TP,1,1,0.989656753524742,Online Home Loan Center... Major Savings!                     MO,Interest Rates Have Never Been More Attractive!  Now is the time to refinance your home or get a second mortgage to consolidate  all of your high interest credit card debt. Get all the Smart Cash you'll need!  All USA Homeowners Easily Qualify!  Damaged Credit Is never a problem!   We work with hundreds of nation-wide lenders that are offering great deals  for your business and will provide you with the best service on the INTERNET!  Our service is 100% free!  CLICK HERE For a No Obligation Quot,,,,
TP,1,1,0.995263501348398,4-URGENT - OWA Please print this now.,"Current Notes User:  REASONS FOR USING OUTLOOK WEB ACCESS (OWA)  1. Once your mailbox has been migrated from Notes to Outlook, the Outlook  client will be configured on your computer. After migration of your mailbox, you will not be able to send or recieve mail  via Notes, and you will not be able to start using Outlook until it is  configured by the Outlook Migration team the morning after your mailbox is  migrated.  During this period, you can use Outlook Web Access (OWA) via your  web browser",,,,
TP,1,1,0.993463116233936,Your Vacation Winning         567,"<HTML><FONT  COLOR=3D""#0000ac"" BACK=3D""#ffffff"" style=3D""BACKGROUND-COLOR: = #ffffff"" SIZE=3D3 PTSIZE=3D11 FAMILY=3D""SANSSERIF"" FACE=3D""Tahoma"" LANG=3D""= 0""><B>CONGRATULATIONS!</FONT><FONT  COLOR=3D""#ac0000"" BACK=3D""#ffffff"" styl= e=3D""BACKGROUND-COLOR: #ffffff"" SIZE=3D3 PTSIZE=3D11 FAMILY=3D""SANSSERIF"" F= ACE=3D""Tahoma"" LANG=3D""0""></B><BR> <BR> <B>You have been selected as a finalist in the NVP Travel Giveaway!</B><BR> <BR> </FONT><FONT  COLOR=3D""#000080"" BACK=3D""#ffffff"" style=3D""BACKGROUND-CO",,,,
TP,1,1,0.940297557801549,Blue Ribbon Panel,"Richard, you may already have this or know about it, but there is a report  done by Cornerstone Research entitled ""Pricing in the California Power Exchage Electricity Market"" located online at www.cornerstone.com/pdfs/blueribbon.pdf. Do you have Mark Touhy's e-mail address?  ---------------------------------------------------------------------- This communication may contain information that is legally privileged, confidential or exempt from disclosure.  If you are not the intended recipient, pl",,,,
TP,1,1,0.736422156925059,NYMEX Access,"The NYMEX has approved all of your applications and you should all have  access to the system and be able to trade (everyone except Dana Davis, who  still needs to complete his training).  Please let me know if you cannot log  in.  I spoke to the NYMEX a minute ago and there is no reason from their  perspective why you should not be able to log in.",,,,
TP,1,1,0.973052708623561,EMAZING Internet Tip of the Day - Arctic Trucks,=09=09EMAZING Home[IMAGE]Edit Your ProfilePrivacy =09=09 =09=09 =09=09Advice and Living - Brain Candy - Business and Money - Comics - Daybr= eakers -=20 Entertainment =09=09Espa=0Fol - Games - Good Thoughts - Grapevine - Greetings - Health - = Hobbies -=20 Horoscopes =09=09Household Hints - Kitchen - Music - Sports - Style - Technology - Tra= vel -=20 Wireless =09=09  =09=09[IMAGE] =09=09 =09=09 =09=09Buy and sell practically anything at eBay! =09=09Buy and Sell practically anything on earth at ,,,,
TP,1,1,0.9875139956945987,Your News Alert for CMGI,"=3D=3D=3D=3D=3D=3D=3D=3D=3D=3D=3D=3D=3D=3D=3D=3D=3D=3D=3D=3D=3D=3D=3D=3D=3D= =3D=3D=3D=3D=3D=3D=3D=3D=3D=3D=3D=3D=3D=3D=3D=3D=3D=3D=3D=3D=3D=3D=3D=3D=3D= =3D=3D=3D=3D=3D=3D=3D=3D=3D=3D=3D=3D=3D=3D As requested, your News Alert for CMGI follows from EquityAlert.com. To edit/discontinue your alerts please refer to end of message. PLEASE REVIEW THE NOTICE AND DISCLAIMER BELOW =3D=3D=3D=3D=3D=3D=3D=3D=3D=3D=3D=3D=3D=3D=3D=3D=3D=3D=3D=3D=3D=3D=3D=3D=3D= =3D=3D=3D=3D=3D=3D=3D=3D=3D=3D=3D=3D=3D=3D=3D=3",,,,
TP,1,1,0.9903994431054728,"Incredible low fares, wherever you're traveling!","[IMAGE]  =09homeflightshotelscarspackagescruisesguidesmapsbusiness=09       [IMAGE]My Trips=20 |=20 [IMAGE]My Profile=20 |=20 [IMAGE]Customer Support=20   =09 =20         CONTENTS         [IMAGE]   Deals & News=20       [IMAGE]   Your Fares=20       [IMAGE]   Special Deals=20                Free issue!   =09[IMAGE]=09Dear Andrew,=20 =09=09 =09=09Tax time got you a little stressed out? Take a deep breath and start = thinking=20 about a relaxing post-taxes getaway. It's a great time to travel, bec",,,,
TP,1,1,0.9946273085870132,What Kind of Person Are You?," <HTML><BODY>  Lifestyles: What Kind of Person Are You? Text Net2Phone 12.10.01   From: Bookspan  Subject: What Kind of Person Are You?  Whether you're into chilling mysteries, heart-stopping romances, outerworld science fiction, or culinary masterpieces, we have great deals with these and other exciting book categories to satisfy your passion for reading.  SCIENCE FICTION/FANTASY FANS- CHOOSE 5 BOOKS FOR $1 Test the limits of your imagination with the infinite possibilities of what may lie beyo",,,,
TP,1,1,0.9593029534142076,HOLIDAY FARE SALE: as low as $98 round-trip,"<html>  <head> <meta http-equiv=""Content-Language"" content=""en-us""> <meta http-equiv=""Content-Type"" content=""text/html; charset=windows-1252""> <meta name=""GENERATOR"" content=""Microsoft FrontPage 4.0""> <meta name=""ProgId"" content=""FrontPage.Editor.Document""> <title>New Page 2</title> </head>  <body>  <table border=""0"" width=""516"" cellspacing=""0"" cellpadding=""0"" height=""1220"">   <tr>     <td width=""523"" colspan=""6"" bgcolor=""#FFFFFF"" height=""21""> </td>   </tr>   <tr>     <td width=""523"" colspan=""6""",,,,
TP,1,1,0.9960551922172758,Commissioner.COM E-Reports for UHFFL 11/27/01, [IMAGE] =09  Anna Kournikova Exclusive Fantasy Offer!  Save 10% on Anna's 2002 Calendar= ! Yes 12 months of Anna!  Simply enter the coupon code FNTSYCAL in step 5 o= f the checkout process to receive your discount.  Offer expires 11/30/01.  = http://www.sportsline.com/links/6/1/135/sffer1120tr.cgi   Attention Fantasy=  Fans!  Subscribe to The Sporting News  now and get 4 FREE issues! Hurry!  =  Brought to you by   Sponsorship Bar You are receiving these e-reports beca= use you have signed up fo,,,,
TP,1,1,0.973241814250351,EMAZING Bible Verse of the Day - Daniel 12.3,=09=09EMAZING Home[IMAGE]Edit Your ProfilePrivacy =09=09 =09=09 =09=09Advice and Living - Brain Candy - Business and Money - Comics - Daybr= eakers -=20 Entertainment =09=09Espa=0Fol - Games - Good Thoughts - Grapevine - Greetings - Health - = Hobbies -=20 Horoscopes =09=09Household Hints - Kitchen - Music - Sports - Style - Technology - Tra= vel -=20 Wireless =09=09  =09=09[IMAGE] =09=09 =09=09 =09=09=3D=3D One click feeds one person =3D=3D =09=09Please join Emazing in helping feed thousands of,,,,
TP,1,1,0.9826466872571,Delta Fan Fares,"If you can not see the links or images in this e-mail, click here <http://e-mailprograms.delta.com/AC/Clickthru?q=c0-kfl-QWPAIwy-cJf_1BiSJ1iPxYcD> and sign in to select to receive future e-mails in text format only. http://www.delta.com/emailprograms/ 	  Fan Fares <http://www.delta.com/images/emailprograms/bluetop_fanfares.gif>	 Fan Fares <http://www.delta.com/images/emailprograms/SlamDunkSunset.jpg>	   <http://www.delta.com/images/emailprograms/spacer.gif>	In this e-mail Your Fan Fares Things T",,,,
TP,1,1,0.9979147271891028,"FW: June 5 -- BNA, Inc. Daily Environment Report","User ID:  enronden PW:        bnaweb22    -----Original Message----- From: 	""BNA Highlights"" <bhighlig@bna.com>@ENRON [mailto:IMCEANOTES-+22BNA+20Highlights+22+20+3Cbhighlig+40bna+2Ecom+3E+40ENRON@ENRON.com]  Sent:	Monday, June 04, 2001 11:06 PM To:	BNA Highlights Subject:	June 5 -- BNA, Inc. Daily Environment Report  ______________________________  DAILY ENVIRONMENT REPORT Highlights & Table of Contents June 5, 2001 ______________________________  ISSN 1521-9402  Registered Web subscribers can ",,,,
TP,1,1,0.9959519838185288,4-URGENT - OWA Please print this now.," Current Notes User:  REASONS FOR USING OUTLOOK WEB ACCESS (OWA)  1. Once your mailbox has been migrated from Notes to Outlook, the Outlook client will be configured on your computer. After migration of your mailbox, you will not be able to send or recieve mail via Notes, and you will not be able to start using Outlook until it is configured by the Outlook Migration team the morning after your mailbox is migrated.  During this period, you can use Outlook Web Access (OWA) via your web browser (In",,,,
TP,1,1,0.8746779373165926,Mid-Year 2001 Feedback Deadline,"JONATHAN MCKAY,   The PEP system closes on Friday, May 25, 2001.    Our records indicate that one or more of your direct reports has not suggested reviewers.      Please encourage your employees to suggest a list of reviewers promptly for your approval.    Alternatively, you may select and approve reviewers on your employees' behalf.  To do so, log into PEP at http://pep.enron.com and choose 'Supervisor Services' from the Main Menu to select and approve your employees' reviewers.     If you have",,,,
TP,1,1,0.9827300072216184,See the new Mercedes-Benz Sport Wagon!,"<!-- It's a sports car with a life attached to it.  The 2002 C320 Sport Wagon. See it now at your Mercedes-Benz Dealer Web site.  It's the latest sport wagon to hit the road from Mercedes-Benz. And what a wagon it is.  The youthful C320 Sport Wagon isn't just one step ahead when it comes to versatility. It's also ahead of its class when it comes to luxury, performance and safety. And all at a value that's certain to surprise, starting at 39,115.  See it now (http://www.stoneage.com/tracking/trac",,,,
TP,1,1,0.992814242811112,Breaking News from ABCNEWS.com,"A second postal worker in Washington, D.C., confirmed with inhalation anthrax and hospitalized; two other postal workers die of causes being investigated.  http://www.abcnews.go.com   ---- ADVERTISEMENT ----  Compaq Solutions, Available Online  From our wireless iPAQ Pocket PC to our industry-standard ProLiant  servers, Compaq can help you find the IT solution to suit your needs.  Find out more at: http://transfer.go.com/cgi/transfer.pl?goto=http://www.compaq.com/buynow/online.html&name=compaq4&",,,,
TP,1,1,0.995600905960826,The Insider from Travelocity.com,"Romance in Paradise!  Dear Peter,  Everyone has their own definition of paradise. For some it's  unspoiled beaches and lush tropical jungle. For others it's a more  developed resort. For others, it's not about the outdoors at all--if  you're one of those people who thinks a place called ""Sin City""  sounds just about perfect, we can help you, too. However you like it,  Travelocity can help make it happen. Whether you're traveling with  your sweetie, or just into the romance of traveling, Traveloc",,,,
TP,1,1,0.990050707632578,New offers! More top brands! Shop the Offer Zone!,"[IMAGE] [IMAGE]  Kevin, you have received a personalized message from American Express. Please click here to play .[IMAGE] http://www.ddi2.com/amex/8/ax8link.asp?msgid=314748   Make the Offer Zone your first stop when you shop online and save on shopping, travel, apparel, hotels, flowers, books, electronics and more! Save up to 20% off and more on many of your favorite brands. The Offer Zone. Great offers. All in one place. All backed by our Online Fraud Protection Guarantee.  Visit the Offer Zo",,,,
TP,1,1,0.8270635947514186,"Today's Headlines from NYTimes.com Monday, November 26, 2001","TODAY'S HEADLINES The New York Times on the Web Monday, November 26, 2001 ------------------------------------------------------------ For news updated throughout the day, visit www.nytimes.com   /-------------------Also From NYTimes.com------------------\  Holiday Shopping  Take advantage of special offers and discounts -- on gifts, travel and luxury items from NYTimes.com's premium advertisers -- with the Holiday Shopping E-Mail.  http://www.nytimes.com/services/email/email.html#holiday \-----",,,,
TP,1,1,0.9902011189606212,Hurry - save up to $250 on holiday travel!,"??????Save up to $50 extra on Hotel Rooms! ?????? ??????Save up to $200 extra on Airline Tickets! ?????? ??????Travel secrets: The best time to book a Rental Car is now! ??????   Dear priceline.com customer,   Hurry - low prices on airline tickets, hotel rooms and rental cars are  getting harder and harder to find the closer we get to the holidays,  but GOOD NEWS - you can still get a great deal with priceline if you  ACT FAST!   To get your savings, all you have to do is book through one of the",,,,
TP,1,1,0.9825002363097232,Kansas State Wildcat FANStore...Order Your Holiday Gifts Today!,"<HTML> <HEAD> <TITLE>Kansas State Wildcat FANStore Holiday Special!</TITLE> </HEAD> <BODY bgcolor=FFFFFF marginheight=0 topmargin=0 marginwidth=0 leftmargin=0 link=009900 vlink=FF0000 alink=FF0000> <TABLE WIDTH=""620"" BORDER=""0"" CELLSPACING=""0"" CELLPADDING=""0""> <TR> <TD WIDTH=""620"" COLSPAN=3 ALIGN=CENTER> <IMG SRC=""http://graphics.fansonly.com/graphics/lights-600x50.gif"" WIDTH=620 HEIGHT=50 BORDER=0 ALT=""""><br> <a href=""http://www.fansonly.com/cgi-bin/promoclick.cgi?NID=304&LID=1""><IMG SRC=""http:",,,,
TP,1,1,0.9948599073002504,The SmartMoney.com Daily Views,"-- http://www.smartmoney.com/ -- =3D=3D=3D=3D=3D=3D=3D=3D=3D=3D=3D=3D=3D=3D=3D=3D=3D=3D=3D=3D=3D=3D=3D=3D=3D= =3D=3D=3D=3D=3D=3D=3D=3D=3D=3D=3D=3D=3D=3D=3D=3D=3D=3D=3D=3D=3D=3D=3D=3D=3D= =3D=3D=3D=3D=3D=3D=3D=3D=3D=3D=3D=3D=3D=3D=3D=3D=3D=3D=3D=3D     ---------------------------------------------------------------------------= -=20 Daily Views June 5, 2001 ---------------------------------------------------------------------------- The Economy: Panacea or Placebo?=20 By Rebecca Thomas Washington",,,,
TP,1,1,0.995960737530991,Training Password Setup,Our web address is:  http://itcentral.enron.com/Data/Services/Training/ You may want to place a bookmark at this site.  A few hints on usernames & passwords: Passwords are case sensitive and must be entered exactly as entered when  created.   You can cut and paste your USERID and/or password from the  confirmation email (Welcome) to the authentification dialogbox.  Please save the confirmation email (Welcome).  It gives you the username  and  password you will need to use each time you register ,,,,
TP,1,1,0.9900797770111603,URGENT!  Re: Your priceline hotel request: 31329227209,"****NEW -- priceline.com announces FREE long distance!***** Get 60 FREE long distance minutes when you buy 60 minutes or more.  That's one hour of long distance calling to anywhere in the U.S., absolutely FREE! Click here now: http://www.priceline.com/promo/buy60.asp *********************************************************** Dear MATHEW D SMITH,  We have an answer for you regarding your hotel request!  Please click on the link below for all the details: http://www.priceline.com/hotels/checkstat",,,,
FP,0,1,0.7885986485287567,Performance Management Process - New Password,"According to our system records, you have not yet logged into the Enron  Performance Management system (PEP).   As a result your temporary password  for the PEP system has expired.  Your  User Id and new password are provided  below.  During the feedback phase you will need to access PEP at  http://pep.corp.enron.com to suggest reviewers who can provide feedback on  your performance.  You may also be requested to provide feedback on fellow  employees, but the system will only be open for feedbac",,,,
FP,0,1,0.94792244472683,Free 2nd Day Shipping Upgrade! Gifts Under $25 and more!,"DeliverE is a service provided by MatchLogic, a wholly owned subsidiary of  Excite@Home, and its sweepstakes networks, including fastfreefun.com. You are  receiving this special offer because you registered on one of these  campaigns. If you wish to be excluded from any future offers or would like to  provide comments to our service, please scroll to the bottom of this message.     Click Here Holiday shopping crunch time?  Save time and money online. Shoppers' crunch-time hot links Gift Finder |",,,,
FP,0,1,0.9904760646001072,MS150 Registration,Here is the information. Ben ---------------------- Forwarded by Benjamin Rogers/HOU/ECT on 03/03/2000  01:19 PM ---------------------------   Claire Broido 02/25/2000 01:10 PM To: Benjamin Rogers/HOU/ECT@ECT cc:   Subject: MS150 Registration   ---------------------- Forwarded by Claire Broido/HOU/ECT on 02/25/2000 01:10  PM ---------------------------   Amelia Alder@ENRON 02/15/2000 02:14 PM To: Amelia Alder/OTS/Enron@ENRON cc:  (bcc: Claire Broido/HOU/ECT) Subject: MS150 Registration  Just to ,,,,
FP,0,1,0.5433561224727776,Baby Photo's,Here is my little angel.  http://hometown.aol.com/trogg522/myhomepage/index.html  http://www.growingfamily.com/webnursery/babypage_view.asp?URLID=0U0X1E7K6M  The first web site is my aol homepage and some people have a hard time pulling this one up.,,,,
FP,0,1,0.993506337712491,Your Basketball League is Back!,---------------------- Forwarded by Eric Bass/HOU/ECT on 10/16/2000 01:29 PM  ---------------------------   CBS SportsLine <noreply@ccomad3.uu.commissioner.com> on 10/16/2000 01:12:07 PM Please respond to CBS SportsLine <noreply@ccomad3.uu.commissioner.com> To: ebass@enron.com cc:   Subject: Your Basketball League is Back!   Basketball is back! We're writing to let you know that your fantasy basketball league's web site has been upgraded and is ready for the 2000-2001 season. And here's the best,,,,
FP,0,1,0.9055276749361374,"Yahoo! Newsletter, November 2001","[IMAGE]  [IMAGE][IMAGE]       [IMAGE] Yahoo! Warehouse - What's In It For You Visit=  the Yahoo! Warehouse  grand opening for deals on used, overstock, and clea= rance goods from distributors, liquidators, and individual sellers. Buy you= r favorite books, music, DVDs and videos, video games, computers, and elect= ronics at bargain prices! Got stuff to sell? It's a cinch to list your item= s and watch your business grow.    Four Dimensions of Shopping The New Yaho= o! Shopping  consists of Shopp",,,,
FP,0,1,0.6351091209839999,FT.com Monthly Update,"---------------------- Forwarded by Vince J Kaminski/HOU/ECT on 07/05/2000= =20 05:30 PM ---------------------------   ""FT.com"" <ft.com.update@newsbyemail.ft.com> on 07/04/2000 03:35:56 PM To: ""FT.com User"":; cc:  (bcc: Vince J Kaminski/HOU/ECT) Subject: FT.com Monthly Update    Dear FT.com user  With more ways to get news on the move and a new ranking of MBA courses, there is much for the business-obsessed on FT.com this month.  -------- Contents -------- 1. News by Mobile 2. A new daily summar",,,,
FP,0,1,0.997220119154936,OSBA Report Online HTML Version Volume 74 Issue 43, Goto Online Report Homepage></a> </td> </tr> <!--=3D=3D=3D=3D=3D=3D=3D=3D= =3D=3D=3D=3D=3D=3D=3D=3D=3D=3D=3D=3D=3D=3D=3D=3D=3D=3D=3D=3D=3D=3D=3D=3D=3D= =3D=3D=3D=3D=3D=3D=3D=3D END  TR SECTION 1 =3D=3D=3D=3D=3D=3D=3D=3D=3D=3D= =3D=3D=3D=3D=3D=3D=3D=3D=3D=3D=3D=3D=3D=3D=3D=3D=3D=3D=3D--> <!--=3D=3D=3D= =3D=3D=3D=3D=3D=3D=3D=3D=3D=3D=3D=3D=3D=3D=3D=3D=3D=3D=3D=3D=3D=3D=3D=3D=3D= =3D=3D=3D=3D=3D=3D=3D=3D=3D=3D=3D=3D=3D BEGIN TR SECTION 2 =3D=3D=3D=3D=3D= =3D=3D=3D=3D=3D=3D=3D=3D=3D=3D=3D=3D=3D=3D=,,,,
FP,0,1,0.9456743164999336,Technology Daily AM: Jeffords' Party Switch May Impact Tech  Issues,"----------------------------------------------------------------------------- NATIONAL JOURNAL'S TECHNOLOGY DAILY AM EDITION is now available at http://nationaljournal.com/pubs/techdaily/ -----------------------------------------------------------------------------  MORNING HIGHLIGHTS:  ON THE HILL: Sen. James Jeffords' party switch could have an impact on broadband legislation, the privacy debate and other tech issues.  PRIVACY: A European Parliament committee downplayed the extent of the ""Eche",,,,
FP,0,1,0.9879651382547284,Ethical Concerns for Corporate Counsel -- Online CLE Program -,"TO FIND OUT MORE INFORMATION ABOUT WHETHER THIS PROGRAM IS ELIGIBLE FOR CLE CREDIT IN YOUR STATE CLICK HERE: http://www.celesq.com/index.asp?cat=19906  Hi,  Earn three hours of CLE credit in Ethics by reading this course, Ethical Concerns for Corporate Counsel, by Robert J. Anello, Esq. & Catherine Foti, Esq.(see link below), and completing the Affirmation of Self-Study.  Mail your Affirmation with a check for $59.  You will receive a CLE Certificate of Completion from Celesq within three weeks.",,,,
FP,0,1,0.7162252055225836,Enron Corporation: Leveraging Critical Technology Intelligence,"[IMAGE]                                                                 Dear Vince, Technology has a high impact on Enron Corporation; becoming aware as soon as possible about emerging technologies makes a critical difference. The elegant solution: Technical Insights as your information partner. We separate the news from the noise to position you to exploit timely information. Leverage: Expert analysis, latest trends     New ideas from diverse disciplines you can apply to your own business   Cut",,,,
FP,0,1,0.6455895728459077,Don't forget to register!,"To register your Palm Computingc organizer electronically, you must have an  Internet connection or a modem connected to your computer.  Or if you prefer, you can fill out and send the mail-in registration card  included in your Palm Computing package.  Special rewards only for registered users:  -FREE software programs * -FREE technical support ** -Upgrade information -Important updates  * For a complete list of free software, go to www.palm.com/eregdownload ** Subject to change without notice",,,,
FP,0,1,0.9463270812448608,EnTouch Newsletter," =20   UNITED WAY 2001  Building Houston's Future, Enron's 2001 United Way Campaign, officially beg= an Monday, August 6 and runs through August 17.  Enron's goal this year is = $2.9 million and the EWS goal is $1,276,000.  Enron will match every employ= ee's contribution dollar-for-dollar.  The decision to focus this year's campaign on Building Houston's Future cam= e directly from our employees, who rallied to help Houston recover from the=  flood damage caused by Tropical Storm Allison. Enron",,,,
FP,0,1,0.981527182499174,Fuel Cells Get Financial Boost from U.S. Government,"fyi ----- Forwarded by Steven J Kean/NA/Enron on 10/18/2000 12:12 PM -----  =09""IssueAlert"" <IssueAlert@scientech.com> =0910/18/2000 05:56 AM =09=09=20 =09=09 To:=20 =09=09 cc:=20 =09=09 Subject: Fuel Cells Get Financial Boost from U.S. Government  http://www.consultrci.com  ************************************************************************=20  A new SCIENTECH PowerHitter interview with E. Linn Draper, Chairman,=20 President,=20 and CEO of American Electric Power, is now available.  Find o",,,,
FP,0,1,0.9935109686969568,Update on Your Xdrive Online Storage Account,"Hello Xdrive User,  In the past you signed up for a free, advertising-based Xdrive Express online storage account at http://www.xdrive.com/. We appreciate your past use of Xdrive, an Online Storage Box for Everyone(tm). Our privacy policy http://www.xdrive.com/company/privacy_popup.html permits us to contact you about the service, so I'm writing to you today about the closure of the free Xdrive Express service and to invite you to try the new subscription-based, advertising-free Xdrive Plus serv",,,,
FP,0,1,0.990372355329062,NFL Betting Bonanza!,"  Click Here to Bet Legally on Football with 10% extra cash! 	 [IMAGE][IMAGE][IMAGE][IMAGE] 	  [IMAGE]     Sports Interaction Fall Football Frenzy  10% Introductory Bonus for all New Players     [IMAGE]    No other  online sportsbook   offers you the security and peace of mind of knowing you are betting with a world leader that is licensed and regulated in North America.  At  Sports Interaction   you can bet online instantly with your credit card, using the currency of your choice.     View the ",,,,
FP,0,1,0.9040859803397088,"PROJECT FINANCE WEEK   March 11-15, NY NY"," Project Finance Week 	[IMAGE]	 	 Project Finance Week March 11-15, 2002 ? Metropolitan Hotel, New York City Click Here To Download A Complete Conference Brochure 	 	[IMAGE]	 	Infocast's Project Finance Week continues to be rated the best introductory course on project finance available to developers, financiers, attorneys, utility representatives and vendors. Course #1, Project Finance The Tutorial, has been revamped for the new realities of 2002, offering in-depth sessions on today's hottest f",,,,
FP,0,1,0.7512111909940734,Announcement by Brookstone.com,"Dear Valued Customer,  We have launched an exciting new redesign of our website just in time for  Father's Day.  Visit Brookstone.com today (http://www.brookstone.com/) and  check out our new look and navigation.  Father's Day is June 17th and our new site has many clever, unique and fun  ways to celebrate dad!  Don't wait until the last minute! Order by Noon (CST) on Friday, June 8 for Standard Ground Shipping (5-7 days). Order by Noon (CST) on Wednesday, June 13 for Express Delivery (2-3 days)",,,,
FP,0,1,0.7902091965462669,Free Vitamins. Buy One Get One Free.," [IMAGE][IMAGE][IMAGE]  Dear  SmartReminders Member,    [IMAGE]    [IMAGE]       [IMAGE]         [IMAGE]   [IMAGE]   [IMAGE]  Restore Your Sexual Prowess and Stamina    [IMAGE]  The No.1 Selling Product for Arthritis  and Healthy Joints.    [IMAGE]   [IMAGE]   [IMAGE]  For an Amazing Reduction in Anxiety and Stress    [IMAGE]  Helps Reduce Hot Flash Frequency      [IMAGE]       [IMAGE]     [IMAGE]    	                                        We respect  your privacy and are a Certified Participan",,,,
FP,0,1,0.7531717722517516,Get your favorite golfers to play for YOU!,"What if five of the PGA Tour's best golfers teamed up with YOU? Sound like fantasy? Well, it is fantasy -  CBS SportsLine.com's Fantasy Golf!  It's so simple to play. Just spend $1 Million of fantasy money on the five golfers you think will top the leaderboard at each PGA Tour tournament.  Sign up now to pick your golfers for the Buick Invitational.  Fantasy Golf is FREE to play!  Fantasy golf is broken up into three separate segments.  Finish among the top three scorers during any segment and  ",,,,
FP,0,1,0.994195899197538,"Enerfax Gas, Oil, Liquids,Derivatives' prices & info (text) Crude","  Enerfax GOLD NORTH AMERICA'S FREE? GAS, OIL, LIQUIDS & DERIVATIVES  INFORMATION SOURCE    Wednesday, December 26 2001? No. 450 Visit our website at: http://www.enerfaxgold.com/,   PETROLEUM PRICES ??? | Bonny Light      |  $18.78 | Brent            |  $18.60 | Butane           |  $ 0.36  | Fuel Oil #2      |  $ 0.54    | Louisiana        |  $18.55   | Medit.           |  $18.23   | Propane Non-tet  |  $ 0.32    | Propane Wet-tet  |  $ 0.32   | W. Tx Int Cush   |  $19.18  | W. Tx Sour       |  ",,,,
FP,0,1,0.9856093340825476,Breakthrough receiver puts Internet radio on home stereos,"  <http://www.technoscout.com/images/scout/TechnoHeader_Small.gif>  Scouting Report Special Edition---Where technology hits home.  Every year, the worlds most innovative electronics companies meet in Las Ve= gas to unveil their newest creations. The Consumer Electronics Show feature= s thousands of new products and is attended by every major retailer in the = world. Unfortunately, most of these retailers are limited by a lack of shel= f space and convoluted distribution systems. By the time the ",,,,
FP,0,1,0.7907917528380304,Here's The Deal .......... Surprise Jamaican Vacation!,"[IMAGE]	 	 	Airlines 	[IMAGE] 	[IMAGE] 	[IMAGE] 	[IMAGE] 	[IMAGE] 	 	 	[IMAGE] 	[IMAGE] 	[IMAGE] 	    Week of November 14, 2000 A Weekly Travel Newsletter from  TravelNow.com  ?     Dear Eric,   It's getting colder outside and it seems like winter is here  to stay. To  offset the dreary days we've got some wonderful  warm weather escapes for  you! Take off to Greece for a museum  and shopping tour. Spend the holidays  at Disneyland or Las Vegas.  Go whale watching in Mexico or take a surprise  v",,,,
FP,0,1,0.990394551907715,Internet Report Access,"You have been added as an internal user to be able to access flowing gas  reports and invoices on the internet at http://www.hottap.enron.com.  Your  user id is ""mlokay"" and your password is ""FLOWGAS56"".",,,,
FP,0,1,0.9886927996349026,Today's Headlines from NYTimes.com,"TODAY'S HEADLINES The New York Times on the Web Thursday, December 14, 2000 ------------------------------------------------------------ For news updated throughout the day, visit www.nytimes.com    QUOTE OF THE DAY =3D=3D=3D=3D=3D=3D=3D=3D=3D=3D=3D=3D=3D=3D=3D=3D=3D=3D=3D=3D=3D=3D=3D=3D=3D  ""The presidency is more than an honor, more than an office. It is a charge to keep.""  - PRESIDENT-ELECT GEORGE W. BUSH,  Full Story: http://www.nytimes.com/2000/12/14/politics/14BUSH.html    NATIONAL =3D=3D=",,,,
FP,0,1,0.9506780110130132,New Power Executive-- Free Sample Issue," <http://rs6.net/on.jsp?t=1010964589736.1010945480759&o=http://ccprod.roving.com/roving/images/p1x1.gif>We welcome you to download <http://www.pmaconference.com/PMAPE3.18.pdf> a free trial issue of New Power Executive, the market's leading weekly on market intel, trend analysis, and a host of strategic issues and ideas of direct importance to your planning and business development process.   Read by thousands of senior execs across the industry, this weekly market analysis and strategic advisory",,,,
FP,0,1,0.9385287819827436,"Today's Headlines from NYTimes.com Saturday, January 26, 2002"," [IMAGE]=09  [IMAGE]    Search NYTimes.com  Today's News Past Week Past 30 Days Past 90=  Days Past Year Since 1996  =09   [IMAGE]  [IMAGE]       Customize This E-Mail   [IMAGE]  Customize This E-= Mail      =09    January 26, 2002   QUOTE OF THE DAY ""I am disappointed in Yasir Arafat.""=   PRESIDENT BUSH    NATIONAL U.S. Identifies a Canadian as Taker of Martyrd= om Pledge  The Justice Department identified a Canadian citizen as the fift= h suspected Al Qaeda follower who is said to have pledged",,,,
FP,0,1,0.6652489732105139,AirTran Airways' New Winter Sale,"We are pleased to announce a new sale for Winter travel that puts every city in our system on sale for travel through March 14, 2001!!!! This sale requires a 7-day advance purchase and discounts range up to 35% off the already low fares we offer everyday.  Seats are limited and may be unavailable on some days and flights that operate during peak and holiday travel times such as the Christmas, New Year, and President's Day holiday periods.  You must purchase http://www.airtran.com/reservations/cg",,,,
FP,0,1,0.9923221310260272,Save $50 and Register for GasMart/Power 2002 Today!," <http://pull.xmr3.com/p/3233-9481/31223673/http-gasmart.com.html>	   Register Today <http://pull.xmr3.com/p/3233-9481/31223679/https-www.ns2k.com-gasmart-RegForm.cfm.html> for GasMart/Power 2002 March 18-20, 2002 Reno, NV      Early Bird Registration Deadline is February 15, 2002   Register Online Today <http://pull.xmr3.com/p/3233-9481/31223679/https-www.ns2k.com-gasmart-RegForm.cfm.html> or call 1-800-427-5747 to save $50!  Then book your room at the Nugget Hotel by February 15 to take advant",,,,
FP,0,1,0.9833631302497818,"Matt, Get Your Halloween Tricks, Treats and Tips!","   Rewards=09      October 18=09Issue Number  31=09   =09Rewards=09CBS SportsLine=09 =09=09=09   =09 Matt, you have 0 Points! Enjoy Tricks, Treats and Tips from SportsLine = Rewards!   You'll have a howling good time this Halloween as you redeem for=  incredible goodies. Also learn the best ways members can earn BIG points F= AST!        Score Big With TiVo!       Ready to save up to $100 and earn 12= ,000 points! Check out our Special Offer  for CBS SportsLine Rewards member= s who buy a TiVo d",,,,
FP,0,1,0.98365636903129,PowerMarketers.com Daily Power Report for 19 February 2001,Attention POWER REPORT Readers: Go to=20 http://www.powermarketers.com/prdaily.htm to view today's edition with dire= ct=20 headline links to each story.]  =3D=3D=3D=3D=3D=3D=3D=3D=3D=3D=3D=3D=3D=3D=3D=3D=3D=3D=3D=3D=3D=3D=3D=3D=3D= =3D=3D=3D=3D=3D=3D=3D=3D=3D=3D=3D=3D=3D=3D=3D=3D=3D=3D=3D=3D=3D=3D=3D=3D=3D= =3D=3D=3D=3D=3D=3D=3D=3D=3D=3D=3D=3D=3D=3D=3D=3D=3D=3D=3D=3D The Industry's Preferred Source For Breaking Energy News And Information http://www.powermarketers.com --------------------------,,,,
FP,0,1,0.9716141428663306,Peoples Energy,New Site Location is  Peoplesenergy.enron.com  this site can be accessed outside the enron network  Here are the ID's and passwords.   Houston Login ID:pepenergy_enron  Password: vtr61b5y  Peoples Login ID:pepenergy_peoples  Password:ken8by6z   ,,,,
FP,0,1,0.742350478866671,Valentines Gifts from wine.com,"Card? ""Ah.""  Flowers? ""Mmm.""  Valentine from wine.com:  ""OH, YES!""  There are valentines that express the fond sentiment of the occasion,  and there are valentines that get to the heart of the matter. At  wine.com, we've found that the latter are the ones that you put in  your mouth.   Wine Lovers features our most romantic wines, arranged in  provocative combinations. Sweets for your Sweetie showcases a  selection of seductive desserts, with wine and without. Extra-Special  Valentine Gifts are ",,,,
FP,0,1,0.98342057372232,Re: *EMCA* Moe's Technique,"Curtis does sheetrock work, as well as painting.   Amy    ----- Original Message -----  From: Larry Bias <mailto:larrybias@houston.rr.com>  To: emca@yahoogroups.com <mailto:emca@yahoogroups.com>  Sent: Friday, October 26, 2001 10:44 AM Subject: *EMCA* Moe's Technique  I recently tried Curtis Moore by recommendation of Bobby Shriver from Houston After Care.  I was pleased with his work.  He was reasonable and finished the job quickly.  His phone number is (832) 752-4138.  Give him a call for a fr",,,,
FP,0,1,0.911793180513958,Dinner in the City,"Here's the scoop. Name of Restaurant: Rooster Address: 1101 Valencia Street, cross street is 22nd. Meeting Time: 6:45pm. Everybody needs to be present in order to be seated by 7:00pm. Please ensure that you make it on time. Parking Garage: 21st between Valencia and Mission. They charge $1 per hour. It is really hard to get parking after 6:30pm. We have to buy wine from the restaurant. Rooster just has wine and beer available. If you haven't RSVP'd and would like to come please let us know so we ",,,,
FP,0,1,0.7270822419120474,Shift May Empower California.htm," Thanks for taking time to call  yesterday.  Good luck with the Lockyer situ= ation.  I truly do believe  that direct and prompt interaction with Lockyer=  will prove more effective for  Enron than delayed or intermediated action.=     As we discussed,  if I can be of any help with reconnaissance or as sou= nding  board, just let me know. =20 I have attached an article from  this morning's LA Times.  It provides an C= alifornia view on how the  shakeup in the Senate might impact the state's e= n",,,,
FP,0,1,0.9920405087085038,tweed & color: our newest at jcrew.com,______________________________________  jcrew.com ______________________________________   our newest twist on tradition? tweed & color for fall. men http://click.jcrew.com/cgi-bin8/flo?y=eGaG0Sgo10CQQ0MG40AL women http://click.jcrew.com/cgi-bin8/flo?y=eGaG0Sgo10CQQ0MG30AK   plus... men's merino sweaters- 20% off 2 or more http://click.jcrew.com/cgi-bin8/flo?y=eGaG0Sgo10CQQ0MHG0Af  go to our women's directory http://click.jcrew.com/cgi-bin8/flo?y=eGaG0Sgo10CQQ0MHE0Ad  go to our men's directory h,,,,
FP,0,1,0.9950171450398336,PowerMarketers.com Daily Power Report for 23 March 2001,Attention POWER REPORT Readers: Go to=20 http://www.powermarketers.com/prdaily.htm to view today's edition with dire= ct=20 headline links to each story.]  =3D=3D=3D=3D=3D=3D=3D=3D=3D=3D=3D=3D=3D=3D=3D=3D=3D=3D=3D=3D=3D=3D=3D=3D=3D= =3D=3D=3D=3D=3D=3D=3D=3D=3D=3D=3D=3D=3D=3D=3D=3D=3D=3D=3D=3D=3D=3D=3D=3D=3D= =3D=3D=3D=3D=3D=3D=3D=3D=3D=3D=3D=3D=3D=3D=3D=3D=3D=3D=3D=3D The Industry's Preferred Source For Breaking Energy News And Information http://www.powermarketers.com --------------------------,,,,
FP,0,1,0.9739890383040682,Travelocity.com fare watcher update,"Sunday, October 21, 2001  Dear Theresa,  Travelocity Fare Watcher, your personal airfare tracking service, has found fare changes in 1 of your markets.  Note: Fares change quickly and sell out fast. Visit Travelocity now to take advantage of this great opportunity!  Click on this link or paste the URL into your browser: http://dps1.travelocity.com:80/fwemindiv.ctl?fw=00022811976227&Service=TRAVELOCITY&LANG=EN  HAVE YOUR TRAVEL NEEDS CHANGED?  Looking to go someplace new? Be sure to update your F",,,,
FP,0,1,0.7645644608733067,Web Site,http://www.elaw4enron.com/default.asp,,,,
FP,0,1,0.5840519029606478,Photo's on the web,"Here is my online photo album.  Go to the following address;  http://www.cartogra.com/home/home.asp  Go to the box on the bottom right part of the screen where it says ""new to  cartogra?"".  Enter the my account name ""trogg522"" in the white box and click  on the arrow beneath that.  Let me know what you think.  I can probably add another 7 to 9 photo's.",,,,
FP,0,1,0.9417293246836296,The Prometheus File - Energy Technology Weekly 03/15/02,"Hello Matt Motley,   In this issue:   * Feature: FuelCell Energy - In a Field of Their Own  * Calpine finally secures US$2 billion credit facility  * Gamesa to spin-off its aeronautics division within 12 months to focus on its renewable energy business      To download this report Click here <http://www.reedwasden.com/members/download.asp?ID=142&email=matt.motley@enron.com>.  If a link does not appear above please copy the url between the '[' and ']' below and paste it into your browser.  [ http",,,,
FP,0,1,0.6143238527414625,FW: Traffic Report outage and new product enhancements,"Note the new ATC features below.  -----Original Message----- From: 	""Stuart Wright"" <stuart@friedwire.com>@ENRON [mailto:IMCEANOTES-+22Stuart+20Wright+22+20+3Cstuart+40friedwire+2Ecom+3E+40ENRON@ENRON.com]  Sent:	Monday, July 30, 2001 2:58 PM To:	productalert@friedwire.com Subject:	Traffic Report outage and new product enhancements   To Our Valued  Traffic Report Clients,   Today, FriedWire's  Traffic Report experienced a disruption in service as a result of network and  general connectivity pro",,,,
FP,0,1,0.9809353962271588,Register for the Next TXU Capacity Auction!," <http://rs6.net/on.jsp?t=1010947867015.1010945480759&o=http://ccprod.roving.com/roving/images/p1x1.gif>    Register for the next   TXU Energy    Capacity Auction!     New Registration Due Date is February 11, 2002! TXU Energy is again conducting an electric capacity auction in ERCOT. This auction will consist of monthly capacity blocks for the prime months of May through August.    600 megawatts will be available on a monthly basis.    Bidders may choose among four types of electric generation,",,,,
FP,0,1,0.995163459231607,Investing Basics: When to Panic,"Please respond to The Motley Fool  ======================== THE MOTLEY FOOL ========================                         INVESTING  BASICS                       Tuesday, May 8, 2001 benjamin.rogers@enron.com =================================================================  IN THIS ISSUE --------------------- - Q&A: WHAT'S A ""RUN RATE""?  - Q&A: ACTUAL STOCK SALE PRICES  - LESSON: WHEN TO PANIC  =================================================================  SPONSORED BY: Ameritrade Open a",,,,
FP,0,1,0.950095741426774,Bush News Update: 11/28/00,"~~~~~~~~~~~~~~~~~~~~~~~~~~~~~~~~~~~~~~~~~~~~~~~~~~~~~~~~~~~~~~~~~ Want to help?  Forward this e-mail to your friends, then, if you have not yet given, contribute to the Bush Cheney Recount here: https://www.econtributor.net/Contribution/Contribution.cfm?AID=IVFFBXFAZHGH AOL contribution link at bottom. ~~~~~~~~~~~~~~~~~~~~~~~~~~~~~~~~~~~~~~~~~~~~~~~~~~~~~~~~~~~~~~~~~ Bush News 11/28/00 http://www.georgewbush.com  Contents: 1   Talking Points to Set the Record Straight 2   Statement by Secretary ",,,,
FP,0,1,0.9122719216555318,CNN Breaking News,"BREAKING NEWS from CNN.com  -- Doctors create human embryo through cloning, scientists at Massachusetts lab announce. Watch CNN or log on to http://CNN.com /AOL Keyword: CNN for the latest news.  ********** Try Time Magazine Free *********************************** For in-depth analysis of the week's news, read TIME Magazine. To get 4 free trial issues, go to http://www.time.com/cnn **********************************************************************  To unsubscribe from CNN.com's Breaking New",,,,
FP,0,1,0.966222678953028,private equity brief,"Jeff,  it's been a while since our meeting at the Portfolio Grand Slam Event in may... but i wanted to brief you on an effort we brought to you guys viz making a market in private equity.  originally began the conversation with Lou Pai, but since his departure we've been engaged with ford cooper and health scheisser in the xcelerator group.  ford's had numerous conversations with the relevant internal enron folks.  we've helped confidentially engage some external players/experts in the venture/p",,,,
FP,0,1,0.7562725197106263,"True Orange, November 26, 2001, Part 1 of 4","Jerry Scarbrough's True Orange The Newsletter for the True Texas Longhorn Faithful  Volume 12, No. 6, November 26, 2001  (Editor's Note - I'm sending this in four pieces today because it is a bigger issue than usual due to the spring recruiting in basketball, track and softball.)  Volume 12, No. 6, November 26, 2001   Benson, Defense Stifle Ags; Huge Upsets Propel Horns Into Big 12 Title Game Against Colorado  As Longhorn defensive coordinator Carl Reese noted, it was an old-fashioned, rock-em, ",,,,
FP,0,1,0.9939121428921236,Save 40% in February!,"Fatbrain - A Barnes and Noble.com Company <http://email.fatbrain.com/cgi-bin6/flo?y=hFPs0EQsbs0Btv0Fvw0Av>    <http://www1.fatbrain.com/graphics/spacer.gif>  Save 40% in February! <http://email.fatbrain.com/cgi-bin6/flo?y=hFPs0EQsbs0Btv0Gw80Au>	 	Out with the old and in with the new! Fatbrain offers you brand-new books for February at 40% off! <http://email.fatbrain.com/cgi-bin6/flo?y=hFPs0EQsbs0Btv0Gw80Au> Whether you're looking to conquer the corporate world, extend your programming knowledge,",,,,
FN,1,0,8.870704153039656e-05,Trader Log In,"Kam,  As we discussed this morning, the traders will be using their physical books to log onto EOL with the exception of the financial desk (John Arnold and team).  Behind the scenes, EOL will  set these traders up in the Counterparty Alternates table to have the books ""flip"" to the respective financial book when a financial trade is hit.    Also, any word yet on the traders wanting a different book for price, basis and index.  We are still under the assumption that the trades will book under on",,,,
FN,1,0,0.2583448878369964,Fw: Daily Gas News - 6/6/01," ----- Original Message ----- From: <gasnews@mail.energycentral.com> To: <jbelcher@chemweek.com> Sent: Tuesday, June 05, 2001 11:36 PM Subject: Daily Gas News - 6/6/01   > > ______________________________________________________________________ > >   ENERGY CENTRAL GAS NEWS FOR 6/6/01 - 29 NEW ITEMS > ______________________________________________________________________ > >   ** TO CHANGE TO THE HTML-ENHANCED VERSION OF THIS SERVICE - >   ** go to http://www.energycentral.com/sections/services ",,,,
FN,1,0,1.3769049676306473e-05,Jet Aircraft - Priced to sell," Now is the best time in years  to purchase an aircraft! Pre-owned jet aircraft  prices are at historic lows. Now more than ever safety,  security, control . . .   Omni offers the following aircraft  priced to sell! Full pictures, specifications and price are at:   WWW.OMNIJET.COM     Astra                            s/n  16 Beechjet  400            s/n  RJ-7 Beechjet  400A      s/n RK-126 Beechjet  400A      s/n RK-136 Citation  I/SP                 s/n 32 Citation  II                    s/n  6",,,,
FN,1,0,0.0646983183047134,gravitate: M-W's Word of the Day,*************************************************************** Do you want to give your child a head start in school? Try Hooked on Phonics. $20 Instant Savings - Click here! http://quinst.com/clk/mogelepgeichimmalt ***************************************************************  The Word of the Day for October 24 is:  gravitate   \GRAV-uh-tayt\   (verb)      1 : to move under the influence of gravitation     *2 a : to move toward something  b : to be drawn or attracted especially by natural in,,,,
FN,1,0,0.0023603214279275,FW: Tribute to America," Regards, Amy Brock HBD Marketing Team Office: 281-988-2157 Cell:  713-702-6815    -----Original Message----- From:	Rex Waller Sent:	Wednesday, September 12,2001 5:49 PM To:	Alfred Webb; Allen Hadaway; Allison Boren; Amy Brock; Barry Willis; Bart Boren; Bill Boykin; Bill Cooper; Billie Cagle; Billy Lee; bob maughmen; Bob Schuman; Bonita Johnson; Chad Wing; cheryl; Connie Stuckey; corby goodman; craig Gardner; Dale Miller; Dan Crawford; Dan Michael; Darryl Fuller; David Attaway; David Tucker; Deb",,,,
FN,1,0,0.4956208675385725,*EMCA* Reminder - Community Garage Sale,"------------------------ Yahoo! Groups Sponsor ---------------------~--> FREE COLLEGE MONEY CLICK HERE to search 600,000 scholarships! http://us.click.yahoo.com/Pv4pGD/4m7CAA/ySSFAA/NoOolB/TM ---------------------------------------------------------------------~->   We would like to remind you of this upcoming event.  Community Garage Sale   Date: Saturday, October 27, 2001  Time: 7:00AM - 12:00PM CDT (GMT-05:00)   Don't forget about the Neartown community garage sale to be held on Saturday, Oct",,,,
FN,1,0,0.415161775643492,Rockets Host Kings Tonight,"Dear eric,     ROCKETS LOOK TO MOVE BACK OVER .500  The Rockets return to Compaq Center tonight for the first time since dismantling the Dallas Mavericks on Nov. 17 to host hot-shooting Peja Stojakovic and the Sacramento Kings.   Houston will have revenge on its mind against the Kings, who defeated the Rockets 113-77 on Nov. 19. Steve Francis will miss tonight's game to rest a sore foot which caused him to miss Friday's game in Seattle and leave early during Sunday's contest against the Clippers",,,,
FN,1,0,6.779283897955501e-05,FW: CSUF Detailed Study,"Jeff   Again, here is PG&E trying to shoe horn us on this tap vs. bus connection  issue.  If you are not familiar with this issue, EES elected to utilize the  single tap termination @ the PG&E Bullard Substation in our proposal to  CSUF.  This single tap option was provided to us by PG&E in their  Informational Review.  PG&E itemized this cost in the Informational Review at  $178,000 and this the figure we used.    During past meetings, PG&E has stated that this tap option is no loger  availabel",,,,
FN,1,0,0.0003943792151254,melange: M-W's Word of the Day,*************************************************************** Did you know Julius Caesar moved January to the head of the year? Click here for your guide to word histories. http://www.m-w.com/book/literead/wordhist.htm ***************************************************************  The Word of the Day for January 7 is:  melange   \may-LAHNZH or may-LAHNJ\   (noun)      : a mixture often of incongruous elements  Example sentence:      Critics panned the new film as an awkward melange of heavy ,,,,
FN,1,0,0.0108354040766308,Your Hallmark order confirmation - WEB13665566,"   Dear Shelley,  Thank you for shopping at Hallmark. Here's a recap of your order according to our records:  Order Number: WEB13665566 Order Date: 02/07/2002 Total Order Amount: $74.90  We'll send another note when the shipment goes out.  If you need more information, click here to use our self-help: http://help.ecards.hallmark.com/cgi-bin/rightnow/  or click the Customer Service link on Hallmark.com.                                               *************** If you placed your order on Hall",,,,
FN,1,0,0.1966460231212227,"Fwd: Fw: Danny Greenfield's Film - ""Allerd Fishbein's In Love""","Folks - this film was made by the nephew of a friend of mine and it's   especially cute if you're jewish (and each of you is!), so watch it if you   can, enjoy it, and vote. Dave, this is Larry Cooper's nephew. Stan, I don't   know what happened earlier but here it is. ??Love to all, ?sam Content-Transfer-Encoding: 7bit Return-Path: <sugdendev@mindspring.com> Received: from  rly-yg03.mx.aol.com (rly-yg03.mail.aol.com [172.18.147.3]) by  air-yg01.mail.aol.com (v77_r1.21) with ESMTP; Fri, 23 Feb 2",,,,
FN,1,0,0.080053852197286,OnePass Offers - Fare Sale,"UNWIND FOR LESS  Whether it's a tour of the California wineries, an escape to the Swiss Alps, or a walk through The Imperial Palace in Tokyo, Continental Airlines gets you there with an additional 10% off select sale fares.  Visit continental.com at: http://continentalairlines.rsc01.net/servlet/cc4?JHEVBY*qhogEnkpMMpmoQLgkhgEJht*z*UA to purchase your eTickets today.   VIEW FLIGHT SCHEDULES IN AN INSTANT WITH OUR ELECTRONIC TIMETABLES  Whether you're online or on the go, Continental's flight info",,,,
FN,1,0,0.1200735359918499,FW: Hot off the wire...,"FYI,   Kevin Hyatt left me a voicemail last night when he found out about t= his open season for a new storage facility.  Let's discuss after everyone h= as a chance to review.=20  Thanks, Kim.   -----Original Message----- From: =09Scott, Donna =20 Sent:=09Thursday, January 10, 2002 8:33 AM To:=09Watson, Kimberly Subject:=09FW: Hot off the wire...  Thought you might find this interesting. Donna   -----Original Message----- From: =09""Greg Lander"" <glander@mail.skippingstone.com>@ENRON =20 Sent:=0",,,,
FN,1,0,0.0173180982135495,TRs State NewsWire - 05/23/01,"I have amended the message below to include the user name/password for  Bandwidth Market Report.  The new line of info is in red type.  Thanks.  Margo Reyna Regulatory Analyst Enron Corp., Government Affairs Phone:  713-853-9191  ----- Forwarded by Margo Reyna/NA/Enron on 05/24/2001 08:24 AM -----  	Margo Reyna 	05/23/2001 04:14 PM 		  		 To: Richard Shapiro/NA/Enron@Enron 		 cc: Ginger Dernehl/NA/Enron@Enron 		 Subject: TRs State NewsWire - 05/23/01  Rick,  This is what the TR State NewsWire lo",,,,
FN,1,0,0.0064670686103597,Fwd: Truly Irish........,"  Return-path: <Comein63@aol.com> From: Comein63@aol.com Full-name: Comein63 Message-ID: <d3.16f02b82.286f3db0@aol.com> Date: Sat, 30 Jun 2001 10:35:28 EDT Subject: Fwd: Truly Irish........ To: GLAVINELUV@aol.com, KTracey111@aol.com, NAN1892465@aol.com,	BongoRose@aol.com, TerriLee1103@aol.com, WDTHOMPS@aol.com MIME-Version: 1.0 Content-Type: multipart/mixed; boundary=""part2_30.170d7491.286f3db0_boundary"" X-Mailer: AOL 6.0 for Windows US sub 10520    Return-path: <Jfhall205736@aol.com> From: Jfha",,,,
FN,1,0,0.081572089021772,FW: First Thursday's Christmas Party,"   -----Original Message----- From: 	""Charles E. Ruehl"" <seareel@stpaulshouston.org>@ENRON   Sent:	Monday, December 03, 2001 2:46 PM To:	Carson, Mike Subject:	Fw: First Thursday's Christmas Party  Mike, here is the copy of the invitation. Sure hope you can come. Meredith Rall is having a tough time with their first pregnancy. If Heather would, Meredith could use a call, especially from someone who has been there. Charles Charles E. Ruehl St. Paul's United Methodist Church Minister of Finance and",,,,
FN,1,0,0.0094051007271474,Fwd: Al Gore... By the Numbers,"---------------------- Forwarded by Eric Bass/HOU/ECT on 10/23/2000 08:23 A= M=20 ---------------------------   kb <daphneco64@yahoo.com> on 10/22/2000 08:39:34 AM To: Jason.Bass2@COMPAQ.com, Eric.Bass@Enron.com cc: =20 Subject: Fwd: Al Gore... By the Numbers    --- RNC_eLeader@mail.echampions2000.com wrote: > From: RNC_eLeader@mail.echampions2000.com > To: daphneco64@yahoo.com > Subject: Al Gore... By the Numbers > Date: Sun, 22 Oct 2000 02:37:19 -0700 (PDT) > > Dear Kathy Bass, > > > While Al ",,,,
FN,1,0,0.0001131152396621,Sitara Reports New URL,"   -----Original Message----- From: 	Lattupally, Krishna   Sent:	Wednesday, February 06, 2002 9:47 AM To:	Elledge, Susan; Theriot, Kim S.; Anderson, Bridgette; Campos, Sylvia A. Cc:	Krishnaswamy, Jayant; Severson, Russ Subject:	RE: Sitara access and Sitara Reports  all, Please use new URL for NETCO Sitara Reporting Production system.  http://sitrpt.netco.enron.com  Russ -- Can you please let all the NETCO users know the new URL.  Thanks Krishna       -----Original Message----- From: 	Krishnaswam",,,,
FN,1,0,0.0144575767694637,Year End 2000 Performance Evaluation Due,"----- Forwarded by Richard B Sanders/HOU/ECT on 03/06/2001 03:35 PM -----  	""perfmgmt@enron.com""<perfmgmt 	01/17/2001 02:07 PM 		  		 To: richard.b.sanders@enron.com 		 cc:  		 Subject: Year End 2000 Performance Evaluation Due    Feb 02, 2001  YEAR END 2000 PERFORMANCE EVALUATION FORMS ARE DUE IN HUMAN RESOURCES BY THE  ABOVE DATE.  FOR EEL, THE DEADLINE IS JANUARY 31, 2001.  If you have not already done so, please begin the process of giving feedback  to your employees.  The evaluation forms us",,,,
FN,1,0,0.0005911364401215,EnTouch Newsletter,"    BUSINESS HIGHLIGHTS  West Power On August 31, 2001, West Power Origination closed the sale of 100% of the membership interests in Southwest Power to Black Hills Energy Corp.  The sale to Black Hills concluded a two year strategy associated with the acquisition and expansion of the 50MW Las Vegas Cogeneration facility.   The 230MW Las Vegas II expansion project initiated in January 2000 consists of two, 2x1 systems utilizing LM 6000 PC technology in combined cycle. In May of this year, West P",,,,
FN,1,0,4.6575494617411855e-05,Important News from Chapters.ca,"    [IMAGE] [IMAGE] [IMAGE]      Dear john lavorato :  As a valued customer o= f chapters.ca, we feel it's important to let you know about a significant c= hange we will be implementing next week. As we prepare to merge Indigo and = Chapters, we are combining the operations of both sites into chapters.indig= o.ca. This new site will blend the best of chapters.ca and indigo.ca to cre= ate the most efficient, engaging and entertaining online retail site for bo= oks, music, movies, gifts, garden pr",,,,
FN,1,0,4.1660560819693925e-05,FW: Credit worthiness - Alberta,"FYI.  Please let me know if this should be forwarded to someone in ENA Canada.  Thanks.    -----Original Message----- From: 	Ibrahim, Amr   Sent:	Friday, November 02, 2001 4:47 PM To:	Steffes, James D.; Kingerski, Harry; Nicolay, Christi L. Cc:	Tiberi, Fino; Canovas, Guillermo; Levy, Alberto; Hemstock, Robert Subject:	Credit worthiness - Alberta    Please find below the creditworthiness criteria for Alberta Pool.  I appreciate the help of Fino and Guillermo.     The credit worthiness in Alberta ",,,,
FN,1,0,5.13469239362005e-05,Florida Recount Update,"From: Don Evans, Chairman, Bush-Cheney Campaign  This is an urgent message to supporters of Governor George W. Bush and  Secretary Dick Cheney regarding the situation in Florida.  It is now clear we must raise money to fund the recount effort in Florida.   Governor Bush won the vote on Election Day, a victory confirmed by a  recount.  Now, the other side is seeking yet a third count by hand.  There is  a reason why ballots are counted by computer and not by hand.  The expense of the recount effo",,,,
FN,1,0,0.0898998396057281,PAYMENT OVERDUE Consolidate your bills!           FAMR,ERASE Your Debt! 	Ask for your free credit evaluation today!   _____     	  	 REGARDLESS of your credit history YOU CAN:  Totally eliminate monthly fees and penalties!  Stop creditors from harassment!  Slash your interest rates down to as low as zero%   	 Are you paying too much for:	 CREDIT CARD BILLS?	  	 MEDICAL BILLS?	  	 COLLECTION ACCOUNTS?	  	 Click here for a free loan consolidation evaluation! <http://www.i-european.org/debt50.html>    ////////////////_________________||_++++++++++++++|,,,,
TN,0,0,2.3461719922968788e-05,Commercial Re-start Sub-Committee Mtgs. (Tues & Thurs),"The new meeting Louise Kitchen refers to in her email below will commence this Thursday, Feb. 7 @ 10:30 a.m.(CST) for 15 minutes in Conf RM 06716.  This starts a new weekly meeting for 15 minutes every Thursday @ 10:30 a.m.(CST).  The dial-in number for this new meeting is listed below, along w/the dial-in number for Tuesday's weekly meeting.  Please call me if you have any questions.  Commercial Re-Start Sub-Committee Mtgs. Thursday's 10:30 a.m. - 15 minute meeting Dial-in#			888.380.9636 Host ",,,,
TN,0,0,1.4849435267911987e-05,Player Registered Successfully,"---------------------- Forwarded by Scott Neal/HOU/ECT on 07/31/2000 08:48 AM  ---------------------------   <rcooper@iteam.com> on 07/30/2000 09:14:07 PM To: <sneal@enron.com> cc:   Subject: Player Registered Successfully   Dear Colton,  Congratulations!  You have successfully registered for the following league: Tackle Football 6-8. You will receive another email notification once team assignments have been made. Be sure to visit iTeam's website NOW to discover many of the fun things players w",,,,
TN,0,0,2.712096298829991e-05,Re: talking points on California situation,"----- Forwarded by Jeff Dasovich/NA/Enron on 11/21/2000 04:42 PM -----  	Steven J Kean 	11/18/2000 07:20 AM 		 		 To: Susan J Mara/NA/Enron@Enron 		 cc: Bruno Gaillard/EU/Enron@Enron, Christopher J Day/Govt.  Affairs/LON/ECT@ECT, Jeff Dasovich/NA/Enron@Enron, Mark  Schroeder/LON/ECT@ECT, Paul Dawson/Govt. Affairs/LON/ECT@ECT, Richard  Shapiro/NA/Enron@Enron 		 Subject: Re: talking points on California situation  Another key point:  to avoid the mistakes of California, policy makers must  make it",,,,
TN,0,0,4.892537196040497e-06,Enron Advisory Council presentations,---------------------- Forwarded by Vanessa Groscrand/Corp/Enron on  09/11/2000 02:55 PM --------------------------- From: Russell Mitchell on 09/11/2000 11:31 AM To: Vanessa Groscrand/Corp/Enron@ENRON cc:   Subject: Slides     - Enron on Calif. crisis 9-7-00.doc,,,,
TN,0,0,1.386683853534684e-05,Dow Jones Wed-Based Services Agreement,"FYI ----- Forwarded by Jason Peters/Corp/Enron on 05/17/2000 03:36 PM -----  	Dave Samuels@ECT 	05/17/2000 03:16 PM 		  		 To: Jason Peters/Corp/Enron@Enron 		 cc:  		 Subject: Dow Jones Wed-Based Services Agreement  here is the Dow Jones agreement.  Let's discuss when you have a chance.  thanks Dave  ---------------------- Forwarded by Dave Samuels/HOU/ECT on 05/17/2000 03:07  PM ---------------------------   ""Beveridge, Francesca"" <Francesca.Beveridge@dowjones.com> on 05/17/2000  02:58:50 PM T",,,,
TN,0,0,1.056264318369748e-05,FW: ECI and Employment contract payments,"please print and file in diomedes christodolou's file. thanks. mhc -----Original Message----- From: Walls Jr., Rob  Sent: Thursday, November 01, 2001 1:30 PM To: Cash, Michelle Subject: FW: ECI and Employment contract payments   Michelle -   Your thoughts?     -----Original Message----- From: Diomedes Christodoulou [mailto:diomedes@cumulouscapital.com] Sent: Thursday, November 01, 2001 12:59 PM To: Walls Jr., Rob Subject: ECI and Employment contract payments   Hi Rob,   I hope all is well with y",,,,
TN,0,0,1.845371945928562e-05,RE: Credit Reserves,"The Inland Production deal is a Crude deal.  Please contact the Crude Oil desk.  Sheetal Patel (the originator) is looking into the New Power deal.  EM   -----Original Message----- From: 	Guerra, Ricardo   Sent:	Monday, October 29, 2001 10:23 AM To:	McLaughlin Jr., Errol Subject:	Credit Reserves Importance:	High   	Errol - I am taking over Trey Hardy's responsibilities in booking the credit reserves. I am inquiring about the following transactions that apparently were not booked in September:  1",,,,
TN,0,0,5.695934896532961e-05,RE: Procedures Manauls for Measurement,"I don't have them, but I think Don Hawkins said he did have them.  -----Original Message-----  From: Barnes, Caroline  Sent: Wed 3/6/2002 4:59 PM  To: Hayslett, Rod  Cc: Corman, Shelley  Subject: Procedures Manauls for Measurement    Rod, Shelley mentioned that you indicated there were written procedures that we needed to check to see if being followed in regards to Measurement.  A lot of new procedures came out of the Continuous Improvement effort and I have a copy of some.  Is this what you ar",,,,
TN,0,0,4.955445250303979e-05,Re: EOL Products,"Thanks.  This is helpful.  I like all the products you've mentioned below,  except for the MTBE one.  Is there a real market need for this?  Please  proceed and get the others on EOL asap.  Also please pass the trade idea you  have to Fred Lagrasta's group.       Jim Goughary 10/23/2000 02:51 PM To: Jeffrey A Shankman/HOU/ECT@ECT cc:   Subject: EOL Products  Following are my sugestions for the next three EOL gasoline products;  1. 2nd month NYMEX UNL 2. MTBE front month swap, U S Gulf fixed pric",,,,
TN,0,0,9.346827340764725e-06,FP's email adress,"Todd,  This should be the latest and greatest.  Great talking to you today.  Glad to  hear everything's going great in LA.  Kevin  conway77@earthlink.net",,,,
TN,0,0,5.962914276461647e-06,anyone happy with their mobile phone service?,"Greetings office mates, Sorry to bother you, but I've had it with my Sprint PCS ""nationwide"" service  and thought I would ask you all if any of you have a national or  international mobile phone service that you are happy with that you would  recommend. Thanks, Catherine  Catherine McKalip-Thompson Manager, Environmental Responsibility Enron Corp. 101 California Street, Suite 1950 San Francisco, CA 94111 Tel: 415.782.7842 Fax: 415.782.7854",,,,
TN,0,0,1.5059575145854278e-05,"Re: Fwd: [Fwd: FW: ""Drink Plenty of Water""]","Hey Joe!  Fat Chance about you being kicked off the anniversary committee  cause if you go, I GO!    Not very many people showed up for the meeting.  Grace, Pastor, Kevin,  Carolyn, Mother Jackson and I were there. Not a whole lot of decisions were  made;  mostly we just gave Grace an update on what we discussed last  Wednesday.    ""DON'T QUOTE ME"" Mass mailing to all churches is our area as well as some selected churches  outside our area  such as Windsor Village, Mount Vernon, St. Agnes, Abund",,,,
TN,0,0,3.60913278177814e-05,Game tonight @ 7:00,Our game tonight is at 7:00.  Please try to make it by 6:30.  As of now we have eight people.  Tim - can you see if Micah can play again? ,,,,
TN,0,0,4.995333994680808e-06,Re: Motown,The attached may actually be a little more descriptive than the presentation  that John sent out earlier today.  RH ,,,,
TN,0,0,1.7791395100724937e-05,Start Date: 10/26/01; HourAhead hour: 16;  <CODESITE>,  Start Date: 10/26/01; HourAhead hour: 16;  No ancillary schedules awarded.  No variances detected.       LOG MESSAGES:  PARSING FILE -->> O:\Portland\WestDesk\California Scheduling\ISO Final Schedules\2001102616.txt  Error retrieving HourAhead price data - process continuing...,,,,
TN,0,0,5.2620374064844415e-05,RE: Mark's number is 713-345-7896,"Greg,   Welcome to Enron!       We will immediately start the ""development"" program to instill the Enron viewpoint....We are the best and brightest employees and we are better and smarter than any company in the world.  We are the elite.   Just kidding.  I look forward to seeing you in the elevator banks.   Mark  -----Original Message----- From: McConnell, Sarah [mailto:Sarah.McConnell@COMPAQ.com] Sent: Wednesday, October 10, 2001 8:17 AM To: Phillips, Gregory L (Legal) Cc: McConnell, Mark Subje",,,,
TN,0,0,5.65164228765364e-06,Update on what I'm working on.,"Per Barbara's request, here's a summary of much of what I'm working on:  Co Op City asset management arrangement:  In this deal, Enron would build a  small power generation facility for a housing co op in the Bronx, Co Op  City.  We would arrange for O & M services, supply the fuel (primarily gas),  market their excess power, and, for the first 4 years, take 1/2 the offtake.   We are currently working to structure the transaction to keep if off the  balance sheet and maximize the mark.  We are w",,,,
TN,0,0,3.8923976634936896e-05,Re: MSCF Speaker Series,"FYI   Vince  ---------------------- Forwarded by Vince J Kaminski/HOU/ECT on 08/11/2000  04:04 PM ---------------------------   ""Pierre-Philippe Ste-Marie"" <stemarie@icubed.com> on 08/11/2000 03:39:39 PM To: <Vince.J.Kaminski@enron.com> cc: <rlbryant@andrew.cmu.edu>  Subject: Re: MSCF Speaker Series   Thx,  We are very anxious to hear her answer   Pierre-Philippe Ste-Marie -------------------------------------- pstemarie.homestead.com ----- Original Message ----- From: <Vince.J.Kaminski@enron.co",,,,
TN,0,0,2.134485809811687e-05,Energy Issues,"Please see the following articles:  Oakland Trib Wed 3/7: ""Breakthrough made in rescue of PG&E""  Bakersfield Californian, Wed 3/7: ""El Paso Energy closes six valley power  plants""  Contra Costa Times, Wed 3/7: ""Still undecided: Who'll pay DWR for electricity""  SF Chron, Wed 3/7: ""State Taxpayers In Dark on Details Of Energy Deal""  Sac Bee, Wed 3/7: ""Lawmakers pitch fixes for region's energy woes""  Orange Co. Register, Wed 3/7: ""Power plan called wrong""  LA Times - Wed 3/7: ""Bill to Cut Some Powe",,,,
TN,0,0,3.991633816330357e-05,ISO New England (EL00-62),"In compliance with the Commission's August 28 order relating to ICAP, ISO-NE filed market rule changes which it states are necessary for implementation of the new Installed Capability product.  Specifically, ISE-NE proposes changes to Market Rules 4, 11 and 20.  It has requested an effective date of Oct. 1.   If you need further information, please let me know.  Susan Lindberg 713.853.0596",,,,
TN,0,0,0.0002039343677573,Williams Energy News Live -- today's video newscast,"  =09 =09    Dear Don,  Congress is out of town, but we've still got plenty = of energy news from Washington.  The Federal Energy Regulatory Commission m= eets on Tuesday.  One of the issues on the FERC's agenda is a complaint fil= ed against the California Independent System Operator.  Some companies alle= ge the ISO is giving the California Department of Water Resources preferent= ial market treatment in its new role as California's main power purchaser. =  We'll bring you the latest from the ",,,,
TN,0,0,4.55821579142575e-05,"FW: $.01 surcharge as ""tax""","a legal memo follows   -----Original Message----- From: 	Williams, Robert C.   Sent:	Thursday, August 02, 2001 9:16 AM To:	Mellencamp, Lisa; 'jklauber@llgm.com' Subject:	FW: $.01 surcharge as ""tax""     -----Original Message----- From: 	Williams, Robert C.   Sent:	Friday, July 27, 2001 5:47 PM To:	Sharp, Vicki Subject:	$.01 surcharge as ""tax""  A typical clause reads as follows:  "" 'Taxes' means any and all new or existing governmental or quasi-governmental taxes, assessments, levies, duties, fees",,,,
TN,0,0,2.4117421370793136e-05,"Counterparty Legal Names, Division, DBA's, Agency's","As a follow-up to a recent discussion with Tana Jones concerning counterparty  divisions, a meeting is being setup for Monday, April 30, from 1:00 PM thru  3:00 PM, to discuss counterparty naming conventions for Divisions, DBA's,   Agencies and the requirements of downstream systems.  A few examples of  encountered naming variations are as follows:  1) Koch Industries versus Koch Industries, a division of Koch Corporation  2)  Doing Business As, Koch Industries versus Koch Industries Inc.   3) H",,,,
TN,0,0,5.589827947442478e-05,Re: Next Draft of Letter to Dunn,I think this is an excellent letter.  I agree with Sue's comments and have  included her changes on Page 3.  All changes have been marked in this version. ,,,,
TN,0,0,9.00424894528976e-06,FW:  Clauses to add to the IT Contract,"Mike,   Jorge sent these changes to me, but I thought you might want to take the lead on these possible changes since it is a NNG IT contract.  If you don't mind, just keep me posted on what you finally decide.   Many thanks, Kim.   -----Original Message----- From: 	jrojas@gas.pemex.com [mailto:jrojas@gas.pemex.com]  Sent:	Tuesday, September 18, 2001 9:47 AM To:	Watson, Kimberly Subject:	 Clauses to add to the IT Contract Importance:	High    ",,,,
TN,0,0,1.2934182897430708e-05,"Cc: robert.superty@enron.com, randall.gay@enron.com","Bob,   Patti Sullivan held together the scheduling group for two months while Randy  Gay was on a personal leave.  She displayed a tremendous amount of commitment  to the west desk during that time.  She frequently came to work before 4 AM  to prepare operations reports.  Patti worked 7 days a week during this time.   If long hours were not enough, there was a pipeline explosion during this  time which put extra volatility into the market and extra pressure on Patti.   She didn't crack and provi",,,,
TN,0,0,4.418120904031677e-06,ESAI Gas/Power Alert on Impact of Gas Prices on Generation,"Attached is an essay of the impact of gas prices on generation investment. If you have any questions or comments, feel free to contact me.  Ed ____________________  Edward N. Krapels, PhD Managing Director ESAI Power and Gas Services tel 781 245 2036 cell 617 899 4948 ekrapels@esaibos.com www.esai.com     - ESAI Gas Alert 101800.pdf",,,,
TN,0,0,6.351570269842588e-06,Request Submitted: Access Request sharon.crawford@enron.com,Thank you for your request. You will be notified by email when your request  has been processed. You can check the progress of your request by clicking  http://itcapps.corp.enron.com/srrs/auth/emailLink.asp?ID=000000000024618&Page= MyReq.   ,,,,
TN,0,0,0.0001086681062546,Opinion Elite Survey,"Encouraging preliminary results.  Mark ----- Forwarded by Mark Palmer/Corp/Enron on 04/09/2001 01:15 PM -----  	""Nicole Fink"" <nicole@pos.org> 	04/09/2001 12:10 PM 		  		 To: mpalmer@enron.com, janel.Guerrero@enron.com, rschriefer@aol.com,  aameece@quinngillespie.com, bandrews@quinngillespie.com,  dlugar@quinngillespie.com 		 cc:  		 Subject: Opinion Elite Survey   A memo outlining our very early, prelmininary findings is attached.      The following section of this message contains a file attac",,,,
TN,0,0,1.6756649542392447e-05,Re: status deal 514157,Mike just talked to the broker and told me it is Merrill - deal has been  changed.     Evelyn Metoyer@ENRON 02/06/2001 12:06 PM To: Kate Symes/PDX/ECT@ECT cc:    Subject: status deal 514157    Deal 514157 what is the status.  Is Mike going to change cp name to Merrill  Lynch or keep it as Pacificorp?  Evelyn        Kate Symes @ ECT                02/05/2001 04:34 PM  To: Evelyn Metoyer/Corp/Enron@ENRON cc:    Subject: Re: 2-5-01 checkout    513386 - changed to APB.  514157 - Mike is checking wit,,,,
TN,0,0,1.1043519672103304e-05,"FW: ENA Upstream Company, LLC Attorney Forms","Hi..looks like you rec'd these before, but I'm re sending anyway...   -----Original Message----- From: 	Flynn, Shawna   Sent:	Friday, June 15, 2001 3:36 PM To:	Grass, John; Thorne, Judy; Nemec, Gerald; Hodge, Jeffrey T.; Van Hooser, Steve Cc:	Zivley, Jill T.; Bryan, Gary; Martinez, Jennifer; Ferries, Nelson; Roberts, Linda Subject:	ENA Upstream Company, LLC Attorney Forms  Attached are the following forms for ENA Upstream Company, LLC to use for wellhead purchases. They can be found in my direct",,,,
TN,0,0,2.152683183917992e-06,Australian counterparties - Guaranty in connection with ISDA Master,"I am negotiating an ISDA on behalf of ENA with an Australian corporate  insisting upon a legal opinion (enforceability) with respect to the Enron  Corp. guaranty.  Is this a customary request by Australian corporates that  you would normally grant?  If so, who has issued the opinion?  I look forward  to your reply.  Regards.  Sara",,,,
TN,0,0,3.063554283829123e-05,Re: bad day?,"Thanks for your concern - that's so sweet of you. I think it's a combination  of too many hours staring at a computer and too few hours sleeping - mixed in  with a good dose of mid-winter blues. I'm sure a day on the slopes will do me  good.  Thanks, Kate",,,,
TN,0,0,3.053076866470698e-05,Re: furniture,"Martin Cuilla 2218 Bellefontaine #B Houston, TX 77030    346-242  Table 346-244  Base 346-502  Air Chair (4) 346-501  Side Chair (2)  346-435  Sleigh Bed 5-0  346-527  Metal Canopy 5-0 346-457  Poster Bed 5-0  346-144  Armoire 346-237  Right Stone Top 346-236  Right Bachelor's Chest Base 346-235  Right Bachelor'e Chest 346-042  Dressing Chest 346-044  Dressing Chest Stone Top 346-043  Dressing Chest Base  346-709  Vanity 346-309  Vanity Mirror 346-509  Vanity Bench  Thanks,  Martin Cuilla      """,,,,
TN,0,0,5.613382431172563e-05,Thank You,"All,  Below is a resume of Manuel.  I met with him and has a good background and is  a superior performer.  He is willing to locate from Manilla and would go to  Sydney and Tokyo.  Interesting origination oppt.  Mike   List ---------------------- Forwarded by Mike McConnell/HOU/ECT on 05/23/2001  12:36 PM ---------------------------   Manuel Gallego@ENRON_DEVELOPMENT 05/23/2001 08:21 AM To: Mike McConnell/HOU/ECT@ECT cc: Christopher B Hunt/Enron@EnronXGate  Subject: Thank You  Dear Mike,  Thank ",,,,
TN,0,0,2.203368728126188e-05,Re: Hi,"Oh I'm glad you sent me an e-mail because there is no rehearsal  tonight!!!!!    Tasha said she saw Taylor in the children's church, and I looked for you in  the audience, but did not see you.  After church let out, I was gone, I was  home by 1:15 p.m.  That never happens!  I looked for you guys and I said, oh  well, I'll catch them later.    By the way, I'm having Jordan's B-Day party on Monday evening, January 22,  2000 at the Chuckie Cheese on the Southwest Freeway,  Yes I'm having it on a  M",,,,
TN,0,0,0.0057169041508157,Enron Mentions,"SJM to mobilise retired army officers Business Standard, 06/08/01  States cannot afford DPC power Business Standard, 06/08/01  Dabhol lenders to study pullout cost Business Standard, 06/08/01  Enron Introduces Price Hedging for Memory Chips Dow Jones Business News, 06/07/01  Calif Eyes Ending Access To Alternative Power Suppliers Dow Jones Energy Service, 06/07/01  Enron's Lenders Consider Closure of Indian Project (Update6) Bloomberg, 06/07/01  California Spending Less on Power, May Renegotiate",,,,
TN,0,0,4.7337344811656906e-05,Re: Meter #: 1266 ; August 2000 / Allocation Exception,"Lauri  There have been some fluctuations @ Dupont meter # 1266 - I believe Conoco  transport is only business there - see below  Is the transport set up to take these small swings?  Lee          	 	 	From:  Robert E Lloyd                           08/21/2000 02:34 PM 	  To: Lee L Papayoti/HOU/ECT@ECT cc: Gary A Hanks/HOU/ECT@ECT, Daren J Farmer/HOU/ECT@ECT, Pat  Clynes/Corp/Enron@ENRON, Sherlyn Schumack/HOU/ECT@ECT, Jackie  Young/HOU/ECT@ECT  Subject: Re: Meter #: 1266 ; August 2000 / Allocation",,,,
TN,0,0,2.358859707516512e-05,Media General,"Tana,  We are needing a quick Legal blessing for Media General today.  Tom should be  emailing us today but I wanted you to know before this.  Media General, Inc. 333 East Grace Street Richmond, VA CPID  79935  Let me know if you need more details.  Thanks! Camille",,,,
TN,0,0,4.2410418994680425e-05,RE: Ft. Pierce HD King Contact,"yes, thanks   -----Original Message----- From: 	Weldon, V. Charles   Sent:	Thursday, May 24, 2001 8:34 AM To:	Breese, Mark; Leach, Doug Cc:	Fairley, David Subject:	RE: Ft. Pierce HD King Contact  Just want to remind everyone that the exact quantity is 202,000 gallons, isn't that right David?   -----Original Message----- From: 	Breese, Mark   Sent:	Thursday, May 24, 2001 8:17 AM To:	Leach, Doug Cc:	Weldon, V. Charles Subject:	RE: Ft. Pierce HD King Contact   I spoke with David regarding this emai",,,,
TN,0,0,1.8545277961272585e-06,LB?,maybe this can be our stud LB  http://longhornlink.rivals.com/default.asp?sid=798&p=3&sp=1&lid=1&pl=-13500,,,,
TN,0,0,1.5926413148321347e-05,Re: Meetings with Petronas on February 8th,"Has eric gonzales been invited.  I would like him to be     Shirley Crenshaw 01/11/2001 09:18 AM To: Rick Buy/HOU/ECT@ECT, David Port/Market Risk/Corp/Enron@ENRON, John L  Nowlan/HOU/ECT@ECT, Jeffrey A Shankman/HOU/ECT@ECT cc: Jennifer Burns/HOU/ECT@ECT, Vince J Kaminski/HOU/ECT@ECT, Karen K  Heathman/HOU/ECT@ECT, Rita Hennessy/NA/Enron@Enron  Subject: Meetings with Petronas on February 8th  Good morning all:  The Petronas meetings and presentations will be in EB3321 on the 8th.  Thanks!  Shirle",,,,
TN,0,0,1.4755816061990236e-05,Re: Lunch For Bill Bradford,"Good idea!     Carol St Clair 01/11/2000 10:59 AM To: Mark Taylor/HOU/ECT@ECT cc:   Subject: Lunch For Bill Bradford  Mark: Would you be okay if our group organized a lunch for Bill and the credit  group to celebrate his promotion?  It could alos serve the purpose perhaps of  catching up with them on the latest issues.  Let me know what you think.  In  lieu of going out, I was thinking that Suzanne could arrange to have it  catered by someone that serves good food.  Carol  ",,,,
TN,0,0,2.504299753008008e-05,RE: long form confirm/MDEA,"I think there's lots which will need to be fixed.  I can't fix it now, though.  Here's where I am on the ILA.  I think it should be distributed internally  and to the Cities ASAP,  with an explanation that we are still pondering it.  Kay    PS.  I didn't redline because there were formatting challenges I couldn't  figure out.  Kay   From: Reagan Rorschach/ENRON@enronXgate on 04/27/2001 04:22 PM To: Kay Mann/Corp/Enron@Enron cc:    Subject: RE: long form confirm/MDEA  Kay,  I think they will have",,,,
TN,0,0,0.1953351096215696,Training Rides Feb 26-27,---------------------- Forwarded by Claire Broido/HOU/ECT on 02/25/2000 01:09  PM ---------------------------   Amelia Alder@ENRON 02/23/2000 04:33 PM To: Amelia Alder/OTS/Enron@ENRON cc:  (bcc: Claire Broido/HOU/ECT) Subject: Training Rides Feb 26-27  We deliver!  Here's your choices for the weekend.  This weeks training ride will leave from Royal Middle School at 8:30 on  Saturday.  We will try for about 30 - 35 miles.  Thanks to Charla Reese for  writing up the Feb. 19th ride summary. Kelly  ,,,,
TN,0,0,4.138765853750449e-06,We Are Short at the MidC for 10/11 ALL HOURS,"We are in a lending agreement with PGE for 19 MW on light load, and 75 MW on the heavy load. You will see us short this amount in the RT position manager for 10/11  Please Buy to fill this short at the MidC, for the STNW book.  Deal # 812532.1 is our sale to PGE on LLH,  Deal # 812531.1 is our sale to PGE on HLH.   Please see Sean, Diana, or Myself with any questions.  Cara",,,,
TN,0,0,4.7896694079417466e-05,New Profile,"Tom,  Attached is the new profile matrix with all the new products added in  purple.   There are 30 new ones if I counted correctly.   Please start using  this profile today.  Let me know if you have any questions.  Thanks, Stephanie  ",,,,
TN,0,0,2.3294747401622625e-06,Draft questions on regulatory aspects of bandwidth trading,"----- Forwarded by Lara Leibman/Enron Communications on 11/06/00 04:41 PM  -----  	Wayne Gardner 	11/03/00 04:49 PM 		  		 To: Donald Lassere/Enron Communications@Enron Communications 		 cc: Lara Leibman/Enron Communications@Enron Communications, James  Ginty/Enron Communications@Enron Communications, Beth Wapner/Enron  Communications@Enron Communications 		 Subject: Draft questions on regulatory aspects of bandwidth trading  Donald, as promised, here are the questions that Jim, Beth and I put t",,,,
TN,0,0,8.91015753914688e-06,Luftansa," A couple of thoughts  -  Per travelocity Lufthansa does fly between Houston-Frankfurt-Alma Ata & then Moscow-Frankfurt-IAH.  We'd only have to take Transaero one way from Alma ata to Moscow.  - If we fly through Moscow on way to Kaz, keep in mind that the airport we fly into Moscow will be a totally different airport than the airport we fly from Moscow to Kaz (the regional airport).  I have heard that the regional airport is not a very safe or American friendly place.  - I want to me flexible o",,,,
TN,0,0,2.1094934566302586e-07,Risk and RAC,"When: Wednesday, January 02, 2002 10:00 AM-11:00 AM (GMT-06:00) Central Time (US & Canada). Where: TBD  *~*~*~*~*~*~*~*~*~* ",,,,
